{"BD": {"Lat": 24.0, "Lng": 90.0}, "BE": {"Lat": 50.83333333, "Lng": 4.0}, "BF": {"Lat": 13.0, "Lng": -2.0}, "BG": {"Lat": 43.0, "Lng": 25.0}, "BA": {"Lat": 44.0, "Lng": 18.0}, "BB": {"Lat": 13.16666667, "Lng": -59.53333333}, "BM": {"Lat": 32.33333333, "Lng": -64.75}, "BN": {"Lat": 4.5, "Lng": 114.6666667}, "BO": {"Lat": -17.0, "Lng": -65.0}, "BH": {"Lat": 26.0, "Lng": 50.55}, "BI": {"Lat": -3.5, "Lng": 30.0}, "BJ": {"Lat": 9.5, "Lng": 2.25}, "BT": {"Lat": 27.5, "Lng": 90.5}, "JM": {"Lat": 18.25, "Lng": -77.5}, "BV": {"Lat": -54.43333333, "Lng": 3.4}, "BW": {"Lat": -22.0, "Lng": 24.0}, "WS": {"Lat": -13.58333333, "Lng": -172.3333333}, "BR": {"Lat": -10.0, "Lng": -55.0}, "BS": {"Lat": 24.25, "Lng": -76.0}, "BY": {"Lat": 53.0, "Lng": 28.0}, "BZ": {"Lat": 17.25, "Lng": -88.75}, "RU": {"Lat": 60.0, "Lng": 100.0}, "RW": {"Lat": -2.0, "Lng": 30.0}, "RE": {"Lat": -21.1, "Lng": 55.6}, "TM": {"Lat": 40.0, "Lng": 60.0}, "TJ": {"Lat": 39.0, "Lng": 71.0}, "RO": {"Lat": 46.0, "Lng": 25.0}, "TK": {"Lat": -9.0, "Lng": -172.0}, "GW": {"Lat": 12.0, "Lng": -15.0}, "GU": {"Lat": 13.46666667, "Lng": 144.7833333}, "GT": {"Lat": 15.5, "Lng": -90.25}, "GS": {"Lat": -54.5, "Lng": -37.0}, "GR": {"Lat": 39.0, "Lng": 22.0}, "GQ": {"Lat": 2.0, "Lng": 10.0}, "GP": {"Lat": 16.25, "Lng": -61.58333333}, "JP": {"Lat": 36.0, "Lng": 138.0}, "GY": {"Lat": 5.0, "Lng": -59.0}, "GF": {"Lat": 4.0, "Lng": -53.0}, "GE": {"Lat": 42.0, "Lng": 43.5}, "GD": {"Lat": 12.11666667, "Lng": -61.66666667}, "GA": {"Lat": -1.0, "Lng": 11.75}, "GN": {"Lat": 11.0, "Lng": -10.0}, "GM": {"Lat": 13.46666667, "Lng": -16.56666667}, "GL": {"Lat": 72.0, "Lng": -40.0}, "GI": {"Lat": 36.13333333, "Lng": -5.35}, "GH": {"Lat": 8.0, "Lng": -2.0}, "OM": {"Lat": 21.0, "Lng": 57.0}, "TN": {"Lat": 34.0, "Lng": 9.0}, "JO": {"Lat": 31.0, "Lng": 36.0}, "HR": {"Lat": 45.16666667, "Lng": 15.5}, "HT": {"Lat": 19.0, "Lng": -72.41666667}, "HU": {"Lat": 47.0, "Lng": 20.0}, "HK": {"Lat": 22.25, "Lng": 114.1666667}, "HN": {"Lat": 15.0, "Lng": -86.5}, "HM": {"Lat": -53.1, "Lng": 72.51666667}, "VE": {"Lat": 8.0, "Lng": -66.0}, "PR": {"Lat": 18.25, "Lng": -66.5}, "PW": {"Lat": 7.5, "Lng": 134.5}, "PT": {"Lat": 39.5, "Lng": -8.0}, "KN": {"Lat": 17.33333333, "Lng": -62.75}, "PY": {"Lat": -23.0, "Lng": -58.0}, "IQ": {"Lat": 33.0, "Lng": 44.0}, "PA": {"Lat": 9.0, "Lng": -80.0}, "PF": {"Lat": -15.0, "Lng": -140.0}, "PG": {"Lat": -6.0, "Lng": 147.0}, "PE": {"Lat": -10.0, "Lng": -76.0}, "PK": {"Lat": 30.0, "Lng": 70.0}, "PH": {"Lat": 13.0, "Lng": 122.0}, "PN": {"Lat": -25.06666667, "Lng": -130.1}, "PL": {"Lat": 52.0, "Lng": 20.0}, "PM": {"Lat": 46.83333333, "Lng": -56.33333333}, "ZM": {"Lat": -15.0, "Lng": 30.0}, "EH": {"Lat": 24.5, "Lng": -13.0}, "EE": {"Lat": 59.0, "Lng": 26.0}, "EG": {"Lat": 27.0, "Lng": 30.0}, "ZA": {"Lat": -29.0, "Lng": 24.0}, "EC": {"Lat": -2.0, "Lng": -77.5}, "IT": {"Lat": 42.83333333, "Lng": 12.83333333}, "UK": {"Lat": 54.0, "Lng": -2.0}, "VN": {"Lat": 16.0, "Lng": 106.0}, "SB": {"Lat": -8.0, "Lng": 159.0}, "ET": {"Lat": 8.0, "Lng": 38.0}, "SO": {"Lat": 10.0, "Lng": 49.0}, "ZW": {"Lat": -20.0, "Lng": 30.0}, "SA": {"Lat": 25.0, "Lng": 45.0}, "ES": {"Lat": 40.0, "Lng": -4.0}, "ER": {"Lat": 15.0, "Lng": 39.0}, "MD": {"Lat": 47.0, "Lng": 29.0}, "MG": {"Lat": -20.0, "Lng": 47.0}, "MA": {"Lat": 32.0, "Lng": -5.0}, "MC": {"Lat": 43.73333333, "Lng": 7.4}, "UZ": {"Lat": 41.0, "Lng": 64.0}, "MM": {"Lat": 22.0, "Lng": 98.0}, "ML": {"Lat": 17.0, "Lng": -4.0}, "MO": {"Lat": 22.16666667, "Lng": 113.55}, "MN": {"Lat": 46.0, "Lng": 105.0}, "MH": {"Lat": 9.0, "Lng": 168.0}, "MK": {"Lat": 41.83333333, "Lng": 22.0}, "MU": {"Lat": -20.28333333, "Lng": 57.55}, "MT": {"Lat": 35.83333333, "Lng": 14.58333333}, "MW": {"Lat": -13.5, "Lng": 34.0}, "MV": {"Lat": 3.25, "Lng": 73.0}, "MQ": {"Lat": 14.66666667, "Lng": -61.0}, "MP": {"Lat": 15.2, "Lng": 145.75}, "MS": {"Lat": 16.75, "Lng": -62.2}, "MR": {"Lat": 20.0, "Lng": -12.0}, "UG": {"Lat": 1.0, "Lng": 32.0}, "MY": {"Lat": 2.5, "Lng": 112.5}, "MX": {"Lat": 23.0, "Lng": -102.0}, "IL": {"Lat": 31.5, "Lng": 34.75}, "FR": {"Lat": 46.0, "Lng": 2.0}, "AW": {"Lat": 12.5, "Lng": -69.96666667}, "SH": {"Lat": -15.93333333, "Lng": -5.7}, "FI": {"Lat": 64.0, "Lng": 26.0}, "FJ": {"Lat": -18.0, "Lng": 175.0}, "FK": {"Lat": -51.75, "Lng": -59.0}, "FO": {"Lat": 62.0, "Lng": -7.0}, "NI": {"Lat": 13.0, "Lng": -85.0}, "NL": {"Lat": 52.5, "Lng": 5.75}, "NO": {"Lat": 62.0, "Lng": 10.0}, "NA": {"Lat": -22.0, "Lng": 17.0}, "VU": {"Lat": -16.0, "Lng": 167.0}, "NC": {"Lat": -21.5, "Lng": 165.5}, "NE": {"Lat": 16.0, "Lng": 8.0}, "NF": {"Lat": -29.03333333, "Lng": 167.95}, "NG": {"Lat": 10.0, "Lng": 8.0}, "NZ": {"Lat": -41.0, "Lng": 174.0}, "NP": {"Lat": 28.0, "Lng": 84.0}, "NR": {"Lat": -0.533333333, "Lng": 166.9166667}, "NU": {"Lat": -19.03333333, "Lng": -169.8666667}, "CK": {"Lat": -21.23333333, "Lng": -159.7666667}, "CI": {"Lat": 8.0, "Lng": -5.0}, "CH": {"Lat": 47.0, "Lng": 8.0}, "CO": {"Lat": 4.0, "Lng": -72.0}, "CN": {"Lat": 35.0, "Lng": 105.0}, "CM": {"Lat": 6.0, "Lng": 12.0}, "CL": {"Lat": -30.0, "Lng": -71.0}, "CC": {"Lat": -12.5, "Lng": 96.83333333}, "CA": {"Lat": 60.0, "Lng": -95.0}, "CG": {"Lat": -1.0, "Lng": 15.0}, "CF": {"Lat": 7.0, "Lng": 21.0}, "CD": {"Lat": 0.0, "Lng": 25.0}, "CZ": {"Lat": 49.75, "Lng": 15.5}, "CY": {"Lat": 35.0, "Lng": 33.0}, "CX": {"Lat": -10.5, "Lng": 105.6666667}, "CR": {"Lat": 10.0, "Lng": -84.0}, "CV": {"Lat": 16.0, "Lng": -24.0}, "CU": {"Lat": 21.5, "Lng": -80.0}, "SZ": {"Lat": -26.5, "Lng": 31.5}, "SY": {"Lat": 35.0, "Lng": 38.0}, "KG": {"Lat": 41.0, "Lng": 75.0}, "KE": {"Lat": 1.0, "Lng": 38.0}, "SR": {"Lat": 4.0, "Lng": -56.0}, "KI": {"Lat": 1.416666667, "Lng": 173.0}, "KH": {"Lat": 13.0, "Lng": 105.0}, "SV": {"Lat": 13.83333333, "Lng": -88.91666667}, "KM": {"Lat": -12.16666667, "Lng": 44.25}, "ST": {"Lat": 1.0, "Lng": 7.0}, "SK": {"Lat": 48.66666667, "Lng": 19.5}, "KR": {"Lat": 37.0, "Lng": 127.5}, "SI": {"Lat": 46.11666667, "Lng": 14.81666667}, "KP": {"Lat": 40.0, "Lng": 127.0}, "KW": {"Lat": 29.5, "Lng": 45.75}, "SN": {"Lat": 14.0, "Lng": -14.0}, "SM": {"Lat": 43.76666667, "Lng": 12.41666667}, "SL": {"Lat": 8.5, "Lng": -11.5}, "SC": {"Lat": -4.583333333, "Lng": 55.66666667}, "KZ": {"Lat": 48.0, "Lng": 68.0}, "KY": {"Lat": 19.5, "Lng": -80.5}, "SG": {"Lat": 1.366666667, "Lng": 103.8}, "SE": {"Lat": 62.0, "Lng": 15.0}, "SD": {"Lat": 15.0, "Lng": 30.0}, "DO": {"Lat": 19.0, "Lng": -70.66666667}, "DM": {"Lat": 15.41666667, "Lng": -61.33333333}, "DJ": {"Lat": 11.5, "Lng": 43.0}, "DK": {"Lat": 56.0, "Lng": 10.0}, "DE": {"Lat": 51.0, "Lng": 9.0}, "YE": {"Lat": 15.0, "Lng": 48.0}, "DZ": {"Lat": 28.0, "Lng": 3.0}, "US": {"Lat": 38.0, "Lng": -97.0}, "UY": {"Lat": -33.0, "Lng": -56.0}, "YT": {"Lat": -12.83333333, "Lng": 45.16666667}, "LB": {"Lat": 33.83333333, "Lng": 35.83333333}, "LC": {"Lat": 13.88333333, "Lng": -60.96666667}, "LA": {"Lat": 18.0, "Lng": 105.0}, "TV": {"Lat": -8.0, "Lng": 178.0}, "TW": {"Lat": 23.5, "Lng": 121.0}, "TT": {"Lat": 11.0, "Lng": -61.0}, "TR": {"Lat": 39.0, "Lng": 35.0}, "LK": {"Lat": 7.0, "Lng": 81.0}, "TP": {"Lat": -8.833333333, "Lng": 125.9166667}, "LI": {"Lat": 47.26666667, "Lng": 9.533333333}, "LV": {"Lat": 57.0, "Lng": 25.0}, "TO": {"Lat": -20.0, "Lng": -175.0}, "LT": {"Lat": 56.0, "Lng": 24.0}, "LU": {"Lat": 49.75, "Lng": 6.166666667}, "LR": {"Lat": 6.5, "Lng": -9.5}, "LS": {"Lat": -29.5, "Lng": 28.5}, "TH": {"Lat": 15.0, "Lng": 100.0}, "TG": {"Lat": 8.0, "Lng": 1.166666667}, "TD": {"Lat": 15.0, "Lng": 19.0}, "TC": {"Lat": 21.75, "Lng": -71.58333333}, "LY": {"Lat": 25.0, "Lng": 17.0}, "VC": {"Lat": 13.25, "Lng": -61.2}, "AE": {"Lat": 24.0, "Lng": 54.0}, "AD": {"Lat": 42.5, "Lng": 1.5}, "AG": {"Lat": 17.05, "Lng": -61.8}, "AF": {"Lat": 33.0, "Lng": 65.0}, "AI": {"Lat": 18.25, "Lng": -63.16666667}, "IS": {"Lat": 65.0, "Lng": -18.0}, "IR": {"Lat": 32.0, "Lng": 53.0}, "AM": {"Lat": 40.0, "Lng": 45.0}, "AL": {"Lat": 41.0, "Lng": 20.0}, "AO": {"Lat": -12.5, "Lng": 18.5}, "AN": {"Lat": 12.25, "Lng": -68.75}, "AQ": {"Lat": -90.0, "Lng": 0.0},