{"oda_lmic": {"BE": 22.526281, "FR": 34.94931832, "DK": 29.44082182, "DE": 33.9159595, "JP": 47.7162701, "FI": 27.93942217, "NL": 27.13722817, "PT": 34.86276708, "NO": 25.50296309, "NZ": 39.39025097, "LU": 35.96920467, "CH": 34.23143751, "GR": 28.95286283, "CA": 26.93558625, "IT": 28.71429432, "AU": 51.94383139, "GB": 33.04405433, "IE": 17.63326726, "ES": 32.12510243, "US": 31.81698901, "KR": 43.77446259, "SE": 26.55255266, "AT": 30.38074879}, "europe": {"BE": 4.598153496, "FR": 7.218701383, "DK": 3.884207023, "DE": 9.360450404, "JP": 5.515481295, "FI": 6.766825888, "NL": 5.897405577, "PT": 6.428495724, "NO": 4.82781881, "NZ": 0.712684177, "LU": 7.615066634, "CH": 10.73204728, "GR": 33.7331415, "CA": 2.094360113, "IT": 12.27392858, "AU": 0.34936198, "GB": 4.297111361, "IE": 4.136127433, "ES": 6.955436528, "US": 2.589154861, "KR": 3.382207225, "SE": 8.673591786, "AT": 20.19528259}, "s_asia": {"BE": 8.2, "FR": 8.2, "DK": 18.2, "DE": 21.7, "JP": 42.2, "FI": 16.9, "NL": 15.6, "PT": 6.4, "NO": 17.9, "NZ": 8.1, "LU": 10.9, "CH": 19.9, "GR": 9.5, "CA": 18.5, "IT": 13.8, "AU": 18.0, "GB": 25.4, "IE": 9.4, "ES": 9.4, "US": 24.0, "KR": 30.4, "SE": 14.9, "AT": 12.9}, "oceania": {"BE": 4.4, "FR": 11.2, "DK": 8.0, "DE": 9.7, "JP": 9.5, "FI": 9.0, "NL": 5.8, "PT": 7.7, "NO": 7.1, "NZ": 76.2, "LU": 12.3, "CH": 9.5, "GR": 3.6, "CA": 6.4, "IT": 3.3, "AU": 62.6, "GB": 5.7, "IE": 6.9, "ES": 4.5, "US": 5.8, "KR": 31.4, "SE": 6.9, "AT": 7.5}, "econ_infra": {"BE": 12.8, "FR": 11.4, "DK": 6.2, "DE": 24.3, "JP": 41.5, "FI": 7.3, "NL": 21.3, "PT": 10.5, "NO": 12.9, "NZ": 11.6, "LU": 8.0, "CH": 7.4, "GR": 13.5, "CA": 8.2, "IT": 1.4, "AU": 6.6, "GB": 9.0, "IE": 1.2, "ES": 1.3, "US": 6.3, "KR": 36.7, "SE": 5.6, "AT": 10.0}, "admin_expenses": {"BE": 5.2, "FR": 4.9, "DK": 8.2, "DE": 4.7, "JP": 5.0, "FI": 7.7, "NL": 7.2, "PT": 2.8, "NO": 7.0, "NZ": 13.7, "LU": 7.1, "CH": 8.1, "GR": 8.3, "CA": 6.7, "IT": 2.7, "AU": 7.0, "GB": 5.2, "IE": 6.5, "ES": 6.5, "US": 5.3, "KR": 3.3, "SE": 7.0, "AT": 7.0}, "latin_am": {"BE": 8.432402677, "FR": 10.33389233, "DK": 7.49851665, "DE": 11.73766537, "JP": 1.468829933, "FI": 10.28016554, "NL": 9.833108657, "PT": 4.431055708, "NO": 16.04091122, "NZ": 2.391095452, "LU": 12.31644867, "CH": 10.95763119, "GR": 7.509849534, "CA": 17.81759392, "IT": 8.495597467, "AU": 1.688409534, "GB": 4.61785658, "IE": 5.397547804, "ES": 25.97633535, "US": 12.24926642, "KR": 7.334280065, "SE": 7.753874388, "AT": 7.34984111}, "soc_infra": {"BE": 37.7, "FR": 28.1, "DK": 44.9, "DE": 39.8, "JP": 24.5, "FI": 34.7, "NL": 35.2, "PT": 25.0, "NO": 34.1, "NZ": 40.4, "LU": 41.5, "CH": 30.7, "GR": 55.0, "CA": 44.3, "IT": 13.7, "AU": 49.4, "GB": 50.1, "IE": 53.3, "ES": 40.8, "US": 53.1, "KR": 42.8, "SE": 35.8, "AT": 55.9}, "oda_ldc": {"BE": 64.80011186, "FR": 37.65048321, "DK": 56.04041673, "DE": 39.40971741, "JP": 50.37777488, "FI": 54.41893228, "NL": 57.27444436, "PT": 54.88977207, "NO": 52.02892969, "NZ": 42.92973203, "LU": 50.24466628, "CH": 47.00898545, "GR": 29.77886828, "CA": 63.28416407, "IT": 52.41057259, "AU": 40.24539035, "GB": 53.01997469, "IE": 69.79914885, "ES": 42.34438071, "US": 48.02495596, "KR": 43.34312228, "SE": 55.20367401, "AT": 45.20857407}, "s_sahara": {"BE": 67.3, "FR": 50.7, "DK": 54.7, "DE": 37.2, "JP": 37.3, "FI": 50.1, "NL": 56.4, "PT": 71.5, "NO": 46.3, "NZ": 10.7, "LU": 50.9, "CH": 42.5, "GR": 30.2, "CA": 51.0, "IT": 51.6, "AU": 13.2, "GB": 54.2, "IE": 68.9, "ES": 37.3, "US": 42.6, "KR": 22.0, "SE": 52.9, "AT": 45.3}, "net_oda": {"BE": 2807.0, "FR": 12997.0, "DK": 2931.0, "DE": 14093.0, "JP": 10831.0, "FI": 1406.0, "NL": 6344.0, "PT": 708.0, "NO": 4934.0, "NZ": 424.0, "LU": 409.0, "CH": 3076.0, "GR": 425.0, "CA": 5457.0, "IT": 4326.0, "AU": 4983.0, "GB": 13832.0, "IE": 914.0, "ES": 4173.0, "US": 30924.0, "KR": 1328.0, "SE": 5603.0, "AT": 1111.0}, "hum_aid": {"BE": 8.4, "FR": 0.9, "DK": 9.5, "DE": 3.3, "JP": 5.8, "FI": 12.2, "NL": 4.2, "PT": 0.1, "NO": 9.5, "NZ": 7.9, "LU": 18.8, "CH": 11.7, "GR": 0.9, "CA": 12.0, "IT": 4.3, "AU": 10.1, "GB": 8.0, "IE": 14.5, "ES": 9.6, "US": 13.8, "KR": 1.3, "SE": 13.4, "AT": 2.9}, "production": {"BE": 12.1, "FR": 3.8, "DK": 8.1, "DE": 5.5, "JP": 9.3, "FI": 20.6, "NL": 8.1, "PT": 0.4, "NO": 16.2, "NZ": 12.5, "LU": 6.5, "CH": 8.7, "GR": 0.2, "CA": 9.0, "IT": 2.2, "AU": 7.0, "GB": 5.3, "IE": 9.9, "ES": 23.2, "US": 5.8, "KR": 10.0, "SE": 5.2, "AT": 3.2}, "multisector": {"BE": 5.5, "FR": 20.1, "DK": 5.5, "DE": 17.8, "JP": 9.8, "FI": 11.7, "NL": 7.6, "PT": 1.6, "NO": 6.1, "NZ": 4.5, "LU": 7.4, "CH": 8.8, "GR": 5.5, "CA": 8.2, "IT": 2.0, "AU": 17.5, "GB": 11.2, "IE": 3.0, "ES": 7.6, "US": 7.0, "KR": 3.6, "SE": 8.8, "AT": 5.0}, "oda_umic": {"BE": 10.26020415, "FR": 24.55997533, "DK": 7.215194076, "DE": 22.62220441, "JP": -1.653892441, "FI": 11.78779582, "NL": 11.94960691, "PT": 9.225856857, "NO": 18.04708251, "NZ": 15.25338588, "LU": 12.10119397, "CH": 13.0492628, "GR": 39.09505159, "CA": 6.079255207, "IT": 15.87988319, "AU": 5.125633598, "GB": 9.246623894, "IE": 7.724279046, "ES": 23.5345534, "US": 13.89890535, "KR": 10.86808411, "SE": 12.41534397, "AT": 21.9488098}, "oda_lic": {"BE": 2.413402992, "FR": 2.840223136, "DK": 7.303567369, "DE": 4.052118673, "JP": 3.559847463, "FI": 5.853849737, "NL": 3.638720549, "PT": 1.021603995, "NO": 4.421024711, "NZ": 2.426631117, "LU": 1.684935082, "CH": 5.710314243, "GR": 2.173217306, "CA": 3.700994468, "IT": 2.995249896, "AU": 2.685144669, "GB": 4.689347078, "IE": 4.843304843, "ES": 1.995963459, "US": 6.259149684, "KR": 2.014331023, "SE": 5.828429357, "AT": 2.461867345}, "other": {"BE": 18.4, "FR": 30.9, "DK": 17.8, "DE": 4.5, "JP": 4.1, "FI": 5.8, "NL": 16.5, "PT": 59.7, "NO": 14.2, "NZ": 9.3, "LU": 10.6, "CH": 24.5, "GR": 16.5, "CA": 11.6, "IT": 73.7, "AU": 2.4, "GB": 11.2, "IE": 11.6, "ES": 10.9, "US": 6.0, "KR": 2.3, "SE": 24.2, "AT": 16.1}, "n_africa": {"BE": 7.1, "FR": 12.3, "DK": 7.8, "DE": 10.3, "JP": 4.1, "FI": 7.0, "NL": 6.5, "PT": 3.6, "NO": 7.8, "NZ": 1.9, "LU": 5.9, "CH": 6.4, "GR": 15.4, "CA": 4.2, "IT": 10.5, "AU": 4.2, "GB": 5.9, "IE": 5.3, "ES": 15.8, "US": 12.7, "KR": 5.5, "SE": 8.8, "AT": 6.7}}